name,iterations,real_time,cpu_time,time_unit,bytes_per_second,items_per_second,label,error_occurred,error_message
"vec_populate/8",169170,4138.29,4137.08,ns,,,,,
"vec_populate/64",17850,38643.9,38634.1,ns,,,,,
"vec_populate/512",1571,446893,446740,ns,,,,,
"vec_populate/4096",169,4.00891e+06,4.0062e+06,ns,,,,,
"vec_populate/32768",17,4.24909e+07,4.2422e+07,ns,,,,,
"vec_populate/262144",3,3.01691e+08,2.99303e+08,ns,,,,,
"virt_populate/8",456912,1493.47,1492.76,ns,,,,,
"virt_populate/64",47979,14635,14630.5,ns,,,,,
"virt_populate/512",3052,235983,235875,ns,,,,,
"virt_populate/4096",317,2.14639e+06,2.14513e+06,ns,,,,,
"virt_populate/32768",33,2.12923e+07,2.1264e+07,ns,,,,,
"virt_populate/262144",4,1.6197e+08,1.61638e+08,ns,,,,,
"var_populate/8",1770083,401.509,401.4,ns,,,,,
"var_populate/64",188836,3703.25,3701.62,ns,,,,,
"var_populate/512",18504,37399.9,37378.7,ns,,,,,
"var_populate/4096",2195,297290,296915,ns,,,,,
"var_populate/32768",48,1.47263e+07,1.46299e+07,ns,,,,,
"var_populate/262144",6,1.1607e+08,1.1526e+08,ns,,,,,
